USE [C:\USERS\ALEX\DOCUMENTS\GITHUB\WEMS\MAIN WEMS GUI\UC1 FORM\DATABASE2.MDF] --put the name of your computer's database in the brackets
GO
SET ANSI_NULLS ON
GO
SET QUOTED_IDENTIFIER ON
GO
INSERT INTO [dbo].[EMPLOYEE] ([Employee_ID], [First_Name], [MI], [Last_Name], [Minority_Status], [DOB], [Address], [Gender], [PhoNum], [is_Supervisor], [from_Outside], [Position]) VALUES (N'12345', N'Steve', N'A', N'Henderson', 0, N'1990-04-15', N'15524 Crestmore Lane', N'M', N'456-123-4589', 1, 0, N'Employee')
INSERT INTO [dbo].[EMPLOYEE] ([Employee_ID], [First_Name], [MI], [Last_Name], [Minority_Status], [DOB], [Address], [Gender], [PhoNum], [is_Supervisor], [from_Outside], [Position]) VALUES (N'12654', N'Rachel', N'B', N'Malkowitz', 0, N'1991-01-10', N'12356 Peach Tree Blvd', N'F', N'215-225-2645', 0, 0, N'Manager')
INSERT INTO [dbo].[EMPLOYEE] ([Employee_ID], [First_Name], [MI], [Last_Name], [Minority_Status], [DOB], [Address], [Gender], [PhoNum], [is_Supervisor], [from_Outside], [Position]) VALUES (N'15267', N'Peter', N'C', N'McCaw', 0, N'1995-12-07', N'1313 Park Drive', N'M', N'555-777-1234', 0, 0, N'Supervisor')
INSERT INTO [dbo].[EMPLOYEE] ([Employee_ID], [First_Name], [MI], [Last_Name], [Minority_Status], [DOB], [Address], [Gender], [PhoNum], [is_Supervisor], [from_Outside], [Position]) VALUES (N'21234', N'Kristen', N'D', N'Howe', 0, N'1992-11-21', N'2319 Farmstead Drive', N'F', N'214-523-1536', 0, 0, N'Bookkeeper')
INSERT INTO [dbo].[EMPLOYEE] ([Employee_ID], [First_Name], [MI], [Last_Name], [Minority_Status], [DOB], [Address], [Gender], [PhoNum], [is_Supervisor], [from_Outside], [Position]) VALUES (N'22345', N'Andrew', N'E', N'Cooper', 1, N'1985-05-20', N'22686 Eagle Road', N'M', N'456-124-5555', 0, 0, N'Supervisor')
INSERT INTO [dbo].[EMPLOYEE] ([Employee_ID], [First_Name], [MI], [Last_Name], [Minority_Status], [DOB], [Address], [Gender], [PhoNum], [is_Supervisor], [from_Outside], [Position]) VALUES (N'25315', N'Jose', N'F', N'Martinez', 1, N'1982-10-03', N'1425 Franks Way', N'M', N'314-556-1526', 1, 0, N'Employee')
INSERT INTO [dbo].[EMPLOYEE] ([Employee_ID], [First_Name], [MI], [Last_Name], [Minority_Status], [DOB], [Address], [Gender], [PhoNum], [is_Supervisor], [from_Outside], [Position]) VALUES (N'78945', N'Andrea', N'G', N'Clarkson', 0, N'1993-06-25', N'3564 Shoreline Ct', N'F', N'316-258-6429', 0, 0, N'Employee')
INSERT INTO [dbo].[QUALIFICATION] ([Qual_ID], [Name], [Description]) VALUES (N'11111', N'Backhoe', N'Allowed to use a backhoe')
INSERT INTO [dbo].[QUALIFICATION] ([Qual_ID], [Name], [Description]) VALUES (N'22222', N'Steamroller', N'Allowed to use a steamroller')
INSERT INTO [dbo].[QUALIFICATION] ([Qual_ID], [Name], [Description]) VALUES (N'33333', N'Dump Truck', N'Allowed to use a dump truck')
INSERT INTO [dbo].[QUALIFICATION] ([Qual_ID], [Name], [Description]) VALUES (N'44444', N'Jackhammer', N'Allowed to use a jackhammer')
INSERT INTO [dbo].[QUALIFICATION] ([Qual_ID], [Name], [Description]) VALUES (N'55555', N'Cement Truck', N'Allowed to use a cement truck')
INSERT INTO [dbo].[QUALIFICATION] ([Qual_ID], [Name], [Description]) VALUES (N'66666', N'Bulldozer', N'Allowed to use a bulldozer')
INSERT INTO [dbo].[QUALIFICATION] ([Qual_ID], [Name], [Description]) VALUES (N'77777', N'Asphalt Truck', N'Allowed to use an asphalt truck')
INSERT INTO [dbo].[EMPLOYEE_QUAL] ([Employee_ID], [Qual_ID], [Name]) VALUES (N'12345', N'11111', N'Backhoe')
INSERT INTO [dbo].[EMPLOYEE_QUAL] ([Employee_ID], [Qual_ID], [Name]) VALUES (N'12654', N'33333', N'Dump Truck')
INSERT INTO [dbo].[EMPLOYEE_QUAL] ([Employee_ID], [Qual_ID], [Name]) VALUES (N'15267', N'55555', N'Cement Truck')
INSERT INTO [dbo].[EMPLOYEE_QUAL] ([Employee_ID], [Qual_ID], [Name]) VALUES (N'21234', N'66666', N'Bulldozer')
INSERT INTO [dbo].[EMPLOYEE_QUAL] ([Employee_ID], [Qual_ID], [Name]) VALUES (N'22345', N'22222', N'Steamroller')
INSERT INTO [dbo].[EMPLOYEE_QUAL] ([Employee_ID], [Qual_ID], [Name]) VALUES (N'25315', N'44444', N'Jackhammer')
INSERT INTO [dbo].[EMPLOYEE_QUAL] ([Employee_ID], [Qual_ID], [Name]) VALUES (N'78945', N'77777', N'Asphalt Truck')
INSERT INTO [dbo].[EQUIPMENT] ([Equipment_ID], [Name], [isa_Vehicle], [Status], [Location], [Equip_Condition]) VALUES (N'11111', N'Bulldozer', 1, N'working', N'location1', N'New')
INSERT INTO [dbo].[EQUIPMENT] ([Equipment_ID], [Name], [isa_Vehicle], [Status], [Location], [Equip_Condition]) VALUES (N'22222', N'Tractor', 1, N'working', N'location2', N'Good')
INSERT INTO [dbo].[EQUIPMENT] ([Equipment_ID], [Name], [isa_Vehicle], [Status], [Location], [Equip_Condition]) VALUES (N'33333', N'Golf Cart', 1, N'working', N'location3', N'New')
INSERT INTO [dbo].[EQUIPMENT] ([Equipment_ID], [Name], [isa_Vehicle], [Status], [Location], [Equip_Condition]) VALUES (N'44444', N'Drill', 0, N'repairing', N'location4', N'Poor')
INSERT INTO [dbo].[EQUIPMENT] ([Equipment_ID], [Name], [isa_Vehicle], [Status], [Location], [Equip_Condition]) VALUES (N'55555', N'Camera', 0, N'working', N'location5', N'New')
INSERT INTO [dbo].[EQUIPMENT] ([Equipment_ID], [Name], [isa_Vehicle], [Status], [Location], [Equip_Condition]) VALUES (N'66666', N'Jackhammer', 0, N'working', N'location6', N'Fair')
INSERT INTO [dbo].[EQUIPMENT] ([Equipment_ID], [Name], [isa_Vehicle], [Status], [Location], [Equip_Condition]) VALUES (N'77777', N'Crane', 1, N'broken', N'location7', N'Poor')
INSERT INTO [dbo].[LINE_ITEM] ([Line_Item_ID], [Description], [Unit_Measurement], [Cheapest_Cost], [Amount_In_Stock]) VALUES (N'11111', N'item1', N'pounds    ', CAST(500.00 AS Decimal(15, 2)), CAST(10 AS Decimal(5, 0)))
INSERT INTO [dbo].[LINE_ITEM] ([Line_Item_ID], [Description], [Unit_Measurement], [Cheapest_Cost], [Amount_In_Stock]) VALUES (N'22222', N'item2', N'pounds    ', CAST(800.00 AS Decimal(15, 2)), CAST(15 AS Decimal(5, 0)))
INSERT INTO [dbo].[LINE_ITEM] ([Line_Item_ID], [Description], [Unit_Measurement], [Cheapest_Cost], [Amount_In_Stock]) VALUES (N'33333', N'item3', N'pounds    ', CAST(100.00 AS Decimal(15, 2)), CAST(3 AS Decimal(5, 0)))
INSERT INTO [dbo].[LINE_ITEM] ([Line_Item_ID], [Description], [Unit_Measurement], [Cheapest_Cost], [Amount_In_Stock]) VALUES (N'44444', N'item4', N'liters    ', CAST(10.00 AS Decimal(15, 2)), CAST(500 AS Decimal(5, 0)))
INSERT INTO [dbo].[LINE_ITEM] ([Line_Item_ID], [Description], [Unit_Measurement], [Cheapest_Cost], [Amount_In_Stock]) VALUES (N'55555', N'item5', N'tons      ', CAST(5000.00 AS Decimal(15, 2)), CAST(6 AS Decimal(5, 0)))
INSERT INTO [dbo].[LINE_ITEM] ([Line_Item_ID], [Description], [Unit_Measurement], [Cheapest_Cost], [Amount_In_Stock]) VALUES (N'66666', N'item6', N'pounds    ', CAST(5000.00 AS Decimal(15, 2)), CAST(6000 AS Decimal(5, 0)))
INSERT INTO [dbo].[LINE_ITEM] ([Line_Item_ID], [Description], [Unit_Measurement], [Cheapest_Cost], [Amount_In_Stock]) VALUES (N'77777', N'item7', N'number    ', CAST(10000.00 AS Decimal(15, 2)), CAST(2 AS Decimal(5, 0)))
INSERT INTO [dbo].[SUPPLIER] ([Supplier_ID], [Supplier_Type], [Supplier_Name], [Email], [Sales_Rep], [Line_Item_ID]) VALUES (N'11111', N'AAA', N'supplier1', N'email1', N'Steve', N'11111')
INSERT INTO [dbo].[SUPPLIER] ([Supplier_ID], [Supplier_Type], [Supplier_Name], [Email], [Sales_Rep], [Line_Item_ID]) VALUES (N'22222', N'AAA', N'supplier2', N'email2', N'Bill', N'22222')
INSERT INTO [dbo].[SUPPLIER] ([Supplier_ID], [Supplier_Type], [Supplier_Name], [Email], [Sales_Rep], [Line_Item_ID]) VALUES (N'33333', N'BBB', N'supplier3', N'email3', N'Brad', N'33333')
INSERT INTO [dbo].[SUPPLIER] ([Supplier_ID], [Supplier_Type], [Supplier_Name], [Email], [Sales_Rep], [Line_Item_ID]) VALUES (N'44444', N'BBB', N'supplier4', N'email4', N'Andrew', N'44444')
INSERT INTO [dbo].[SUPPLIER] ([Supplier_ID], [Supplier_Type], [Supplier_Name], [Email], [Sales_Rep], [Line_Item_ID]) VALUES (N'55555', N'CCC', N'supplier5', N'email5', N'Tracy', N'55555')
INSERT INTO [dbo].[SUPPLIER] ([Supplier_ID], [Supplier_Type], [Supplier_Name], [Email], [Sales_Rep], [Line_Item_ID]) VALUES (N'66666', N'CCC', N'supplier6', N'email6', N'Bob', N'66666')
INSERT INTO [dbo].[SUPPLIER] ([Supplier_ID], [Supplier_Type], [Supplier_Name], [Email], [Sales_Rep], [Line_Item_ID]) VALUES (N'77777', N'DDD', N'supplier7', N'email7', N'Rachel', N'77777')
INSERT INTO [dbo].[SUPPLIER_EQUIPMENT] ([Supplier_ID], [Equipment_ID]) VALUES (N'11111', N'11111')
INSERT INTO [dbo].[SUPPLIER_EQUIPMENT] ([Supplier_ID], [Equipment_ID]) VALUES (N'22222', N'22222')
INSERT INTO [dbo].[SUPPLIER_EQUIPMENT] ([Supplier_ID], [Equipment_ID]) VALUES (N'33333', N'33333')
INSERT INTO [dbo].[SUPPLIER_EQUIPMENT] ([Supplier_ID], [Equipment_ID]) VALUES (N'44444', N'44444')
INSERT INTO [dbo].[SUPPLIER_EQUIPMENT] ([Supplier_ID], [Equipment_ID]) VALUES (N'55555', N'55555')
INSERT INTO [dbo].[SUPPLIER_EQUIPMENT] ([Supplier_ID], [Equipment_ID]) VALUES (N'66666', N'66666')
INSERT INTO [dbo].[SUPPLIER_EQUIPMENT] ([Supplier_ID], [Equipment_ID]) VALUES (N'77777', N'77777')
INSERT INTO [dbo].[CLIENT] ([Client_ID], [Company_Name], [PhoNum], [PointOf_Contact]) VALUES (N'11111', N'Indiana State Contractor', N'765-555-1234', N'Jerome Seeks')
INSERT INTO [dbo].[CLIENT] ([Client_ID], [Company_Name], [PhoNum], [PointOf_Contact]) VALUES (N'22222', N'Ohio State Contractor', N'354-221-2222', N'Darnel Barnes')
INSERT INTO [dbo].[CLIENT] ([Client_ID], [Company_Name], [PhoNum], [PointOf_Contact]) VALUES (N'33333', N'Kansas State Contractor', N'222-321-4213', N'Shavonne Hayes')
INSERT INTO [dbo].[CLIENT] ([Client_ID], [Company_Name], [PhoNum], [PointOf_Contact]) VALUES (N'44444', N'View Group LLC', N'222-984-1983', N'Steven Suk')
INSERT INTO [dbo].[CLIENT] ([Client_ID], [Company_Name], [PhoNum], [PointOf_Contact]) VALUES (N'55555', N'Barnes Group', N'354-900-8970', N'Stash Macy')
INSERT INTO [dbo].[CLIENT] ([Client_ID], [Company_Name], [PhoNum], [PointOf_Contact]) VALUES (N'66666', N'Kansas Department of Education', N'222-134-8973', N'Martha Man')
INSERT INTO [dbo].[CLIENT] ([Client_ID], [Company_Name], [PhoNum], [PointOf_Contact]) VALUES (N'77777', N'Royalty Holdings', N'414-340-1235', N'Cesar Gomez')
INSERT INTO [dbo].[CONTRACT] ([Contract_ID], [Client_ID], [Is_State], [Is_Accepted], [Required_Work_Num]) VALUES (N'11111', N'11111', 1, 1, CAST(3 AS Decimal(18, 0)))
INSERT INTO [dbo].[CONTRACT] ([Contract_ID], [Client_ID], [Is_State], [Is_Accepted], [Required_Work_Num]) VALUES (N'22222', N'22222', 1, 0, CAST(4 AS Decimal(18, 0)))
INSERT INTO [dbo].[CONTRACT] ([Contract_ID], [Client_ID], [Is_State], [Is_Accepted], [Required_Work_Num]) VALUES (N'33333', N'33333', 1, 1, CAST(10 AS Decimal(18, 0)))
INSERT INTO [dbo].[CONTRACT] ([Contract_ID], [Client_ID], [Is_State], [Is_Accepted], [Required_Work_Num]) VALUES (N'44444', N'44444', 0, 1, CAST(5 AS Decimal(18, 0)))
INSERT INTO [dbo].[CONTRACT] ([Contract_ID], [Client_ID], [Is_State], [Is_Accepted], [Required_Work_Num]) VALUES (N'55555', N'55555', 0, 0, CAST(24 AS Decimal(18, 0)))
INSERT INTO [dbo].[CONTRACT] ([Contract_ID], [Client_ID], [Is_State], [Is_Accepted], [Required_Work_Num]) VALUES (N'66666', N'66666', 1, 1, CAST(2 AS Decimal(18, 0)))
INSERT INTO [dbo].[CONTRACT] ([Contract_ID], [Client_ID], [Is_State], [Is_Accepted], [Required_Work_Num]) VALUES (N'77777', N'77777', 0, 0, CAST(50 AS Decimal(18, 0)))
INSERT INTO [dbo].[JOBSITE] ([Jobsite_ID], [Name], [Wage_Scale_Form], [Statement_of_Policies], [Client_Supervisor], [Contract_ID], [Supervisor_ID]) VALUES (N'11111', N'Evergreen', NULL, NULL, N'Gary Bullock', N'11111', N'11111')
INSERT INTO [dbo].[JOBSITE] ([Jobsite_ID], [Name], [Wage_Scale_Form], [Statement_of_Policies], [Client_Supervisor], [Contract_ID], [Supervisor_ID]) VALUES (N'22222', N'Vvardenfell', NULL, NULL, N'John Maynes', N'22222', N'22222')
INSERT INTO [dbo].[JOBSITE] ([Jobsite_ID], [Name], [Wage_Scale_Form], [Statement_of_Policies], [Client_Supervisor], [Contract_ID], [Supervisor_ID]) VALUES (N'33333', N'Ta-Koro', NULL, NULL, N'Sally Barnes', N'33333', N'33333')
INSERT INTO [dbo].[JOBSITE] ([Jobsite_ID], [Name], [Wage_Scale_Form], [Statement_of_Policies], [Client_Supervisor], [Contract_ID], [Supervisor_ID]) VALUES (N'44444', N'Laffy-Town', NULL, NULL, N'Richard Daws', N'44444', N'44444')
INSERT INTO [dbo].[JOBSITE] ([Jobsite_ID], [Name], [Wage_Scale_Form], [Statement_of_Policies], [Client_Supervisor], [Contract_ID], [Supervisor_ID]) VALUES (N'55555', N'Kokiri Village', NULL, NULL, N'Trisha Lashone', N'55555', N'55555')
INSERT INTO [dbo].[JOBSITE] ([Jobsite_ID], [Name], [Wage_Scale_Form], [Statement_of_Policies], [Client_Supervisor], [Contract_ID], [Supervisor_ID]) VALUES (N'66666', N'Air Base', NULL, NULL, N'Sally Barnes', N'66666', N'66666')
INSERT INTO [dbo].[JOBSITE] ([Jobsite_ID], [Name], [Wage_Scale_Form], [Statement_of_Policies], [Client_Supervisor], [Contract_ID], [Supervisor_ID]) VALUES (N'77777', N'Lumbridge', NULL, NULL, N'Norm McDonald', N'77777', N'77777')
INSERT INTO [dbo].[EMPLOYEE_CONTRACT] ([Employee_ID], [Jobsite_ID], [Job_Name], [Wage]) VALUES (N'12345', N'11111', N'Accounting', CAST(7.25 AS Decimal(6, 2)))
INSERT INTO [dbo].[EMPLOYEE_CONTRACT] ([Employee_ID], [Jobsite_ID], [Job_Name], [Wage]) VALUES (N'22345', N'22222', N'Tower Construction', CAST(10.00 AS Decimal(6, 2)))
INSERT INTO [dbo].[EMPLOYEE_CONTRACT] ([Employee_ID], [Jobsite_ID], [Job_Name], [Wage]) VALUES (N'12654', N'33333', N'Electrical Engineering', CAST(17.25 AS Decimal(6, 2)))
INSERT INTO [dbo].[EMPLOYEE_CONTRACT] ([Employee_ID], [Jobsite_ID], [Job_Name], [Wage]) VALUES (N'25315', N'44444', N'Emotional Support', CAST(100.42 AS Decimal(6, 2)))
INSERT INTO [dbo].[EMPLOYEE_CONTRACT] ([Employee_ID], [Jobsite_ID], [Job_Name], [Wage]) VALUES (N'15267', N'55555', N'Computer Programmer', CAST(9999.99 AS Decimal(6, 2)))
INSERT INTO [dbo].[EMPLOYEE_CONTRACT] ([Employee_ID], [Jobsite_ID], [Job_Name], [Wage]) VALUES (N'21234', N'66666', N'Outside Analyst', CAST(2.00 AS Decimal(6, 2)))
INSERT INTO [dbo].[EMPLOYEE_CONTRACT] ([Employee_ID], [Jobsite_ID], [Job_Name], [Wage]) VALUES (N'78945', N'77777', N'Musician', CAST(4000.00 AS Decimal(6, 2)))
INSERT INTO [dbo].[PAYCHECKV1] ([Date_Sent], [Employee_ID], [Total_Amount], [Base_Pay], [Hourly_Rate], [Hours_Worked]) VALUES (N'2017-04-14', N'12345', CAST(50.00 AS Decimal(8, 2)), CAST(10.00 AS Decimal(8, 2)), CAST(15.00 AS Decimal(6, 2)), NULL)
INSERT INTO [dbo].[PAYCHECKV1] ([Date_Sent], [Employee_ID], [Total_Amount], [Base_Pay], [Hourly_Rate], [Hours_Worked]) VALUES (N'2017-04-14', N'22345', CAST(50.00 AS Decimal(8, 2)), CAST(10.00 AS Decimal(8, 2)), CAST(15.00 AS Decimal(6, 2)), NULL)
INSERT INTO [dbo].[PAYCHECKV1] ([Date_Sent], [Employee_ID], [Total_Amount], [Base_Pay], [Hourly_Rate], [Hours_Worked]) VALUES (N'2017-04-14', N'12654', CAST(50.00 AS Decimal(8, 2)), CAST(10.00 AS Decimal(8, 2)), CAST(15.00 AS Decimal(6, 2)), NULL)
INSERT INTO [dbo].[PAYCHECKV1] ([Date_Sent], [Employee_ID], [Total_Amount], [Base_Pay], [Hourly_Rate], [Hours_Worked]) VALUES (N'2017-04-14', N'25315', CAST(50.00 AS Decimal(8, 2)), CAST(10.00 AS Decimal(8, 2)), CAST(15.00 AS Decimal(6, 2)), NULL)
INSERT INTO [dbo].[PAYCHECKV1] ([Date_Sent], [Employee_ID], [Total_Amount], [Base_Pay], [Hourly_Rate], [Hours_Worked]) VALUES (N'2017-04-14', N'21234', CAST(50.00 AS Decimal(8, 2)), CAST(10.00 AS Decimal(8, 2)), CAST(15.00 AS Decimal(6, 2)), NULL)
INSERT INTO [dbo].[PAYCHECKV1] ([Date_Sent], [Employee_ID], [Total_Amount], [Base_Pay], [Hourly_Rate], [Hours_Worked]) VALUES (N'2017-04-14', N'15267', CAST(50.00 AS Decimal(8, 2)), CAST(10.00 AS Decimal(8, 2)), CAST(15.00 AS Decimal(6, 2)), NULL)
INSERT INTO [dbo].[PAYCHECKV1] ([Date_Sent], [Employee_ID], [Total_Amount], [Base_Pay], [Hourly_Rate], [Hours_Worked]) VALUES (N'2017-04-14', N'78945', CAST(50.00 AS Decimal(8, 2)), CAST(10.00 AS Decimal(8, 2)), CAST(15.00 AS Decimal(6, 2)), NULL)
INSERT INTO [dbo].[SUPPLIER_ITEM] ([Supplier_ID], [Line_Item_ID]) VALUES (N'11111', N'11111')
INSERT INTO [dbo].[SUPPLIER_ITEM] ([Supplier_ID], [Line_Item_ID]) VALUES (N'22222', N'22222')
INSERT INTO [dbo].[SUPPLIER_ITEM] ([Supplier_ID], [Line_Item_ID]) VALUES (N'33333', N'33333')
INSERT INTO [dbo].[SUPPLIER_ITEM] ([Supplier_ID], [Line_Item_ID]) VALUES (N'44444', N'44444')
INSERT INTO [dbo].[SUPPLIER_ITEM] ([Supplier_ID], [Line_Item_ID]) VALUES (N'55555', N'55555')
INSERT INTO [dbo].[SUPPLIER_ITEM] ([Supplier_ID], [Line_Item_ID]) VALUES (N'66666', N'66666')
INSERT INTO [dbo].[SUPPLIER_ITEM] ([Supplier_ID], [Line_Item_ID]) VALUES (N'77777', N'77777')
INSERT INTO [dbo].[CLIENT_EQUIPMENT] ([Equipment_ID], [Client_ID]) VALUES (N'11111', N'11111')
INSERT INTO [dbo].[CLIENT_EQUIPMENT] ([Equipment_ID], [Client_ID]) VALUES (N'22222', N'22222')
INSERT INTO [dbo].[CLIENT_EQUIPMENT] ([Equipment_ID], [Client_ID]) VALUES (N'33333', N'33333')
INSERT INTO [dbo].[CLIENT_EQUIPMENT] ([Equipment_ID], [Client_ID]) VALUES (N'44444', N'44444')
INSERT INTO [dbo].[CLIENT_EQUIPMENT] ([Equipment_ID], [Client_ID]) VALUES (N'55555', N'55555')
INSERT INTO [dbo].[CLIENT_EQUIPMENT] ([Equipment_ID], [Client_ID]) VALUES (N'66666', N'66666')
INSERT INTO [dbo].[CLIENT_EQUIPMENT] ([Equipment_ID], [Client_ID]) VALUES (N'77777', N'77777')
INSERT INTO [dbo].[EMPLOYEE_CREDENTIALS] ([Username], [Password], [Employee_ID]) VALUES (N'steve.henderson', N'pineapples', N'12345')
INSERT INTO [dbo].[EMPLOYEE_CREDENTIALS] ([Username], [Password], [Employee_ID]) VALUES (N'rachel.malkowitz', N'wiiwouldliketoplay', N'12654')
INSERT INTO [dbo].[EMPLOYEE_CREDENTIALS] ([Username], [Password], [Employee_ID]) VALUES (N'peter.mccaw', N'whipitwhipitgood', N'15267')
INSERT INTO [dbo].[EMPLOYEE_CREDENTIALS] ([Username], [Password], [Employee_ID]) VALUES (N'kristen.howe', N'Mom''sSpaghetti', N'21234')
INSERT INTO [dbo].[EMPLOYEE_CREDENTIALS] ([Username], [Password], [Employee_ID]) VALUES (N'andrew.cooper', N'withgr8p0wE&', N'22345')
INSERT INTO [dbo].[EMPLOYEE_CREDENTIALS] ([Username], [Password], [Employee_ID]) VALUES (N'jose.martinez', N'ImmaSc@tm4n', N'25315')
INSERT INTO [dbo].[EMPLOYEE_CREDENTIALS] ([Username], [Password], [Employee_ID]) VALUES (N'andrea.clarkson', N'Pinkiepie', N'78945')
INSERT INTO [dbo].[PROJECT_QUAL] ([Contract_ID], [Qual_ID]) VALUES (N'11111', N'11111')
INSERT INTO [dbo].[PROJECT_QUAL] ([Contract_ID], [Qual_ID]) VALUES (N'22222', N'22222')
INSERT INTO [dbo].[PROJECT_QUAL] ([Contract_ID], [Qual_ID]) VALUES (N'33333', N'33333')
INSERT INTO [dbo].[PROJECT_QUAL] ([Contract_ID], [Qual_ID]) VALUES (N'44444', N'44444')
INSERT INTO [dbo].[PROJECT_QUAL] ([Contract_ID], [Qual_ID]) VALUES (N'55555', N'55555')
INSERT INTO [dbo].[PROJECT_QUAL] ([Contract_ID], [Qual_ID]) VALUES (N'66666', N'66666')
INSERT INTO [dbo].[PROJECT_QUAL] ([Contract_ID], [Qual_ID]) VALUES (N'77777', N'77777')
GO